"compound_type","compound_name","formula","rt","mz","ionization_form","charge","kegg_id","polarity","date_added","mix"
"New2","O-Acetylcarnitine","C9H17NO4",7.22,"204.123584","[M+H]",1,"cpd:C02571","pos",180130,"Mix1"
"New2","Glycerophosphocholine","C8H21NO6P",10.86,"258.110652","[M]",1,"cpd:C00670","pos",180130,"Mix1"
"Organic Acid","cis-Aconitic acid","C6H6O6",14.21,"173.008615","[M-H]",-1,"cpd:C00417","neg",160401,"Mix1"
"Organic Acid","Citric acid","C6H8O7",15.65,"191.01918","[M-H]",-1,"cpd:C00158","neg",160401,"Mix2"
"Sulfur","(R)-2,3-Dihydroxypropane-1-sulfonate","C3H8O5S",10.67,"155.001422","[M-H]",-1,"cpd:C19675","neg",160401,"Mix2"
"Organic Acid","D-Gluconic acid","C6H12O7",10.79,"195.05048","[M-H]",-1,"cpd:C00257","neg",160401,"Mix2"
"Sugar phosphate","D-Glucose 6-phosphate","C6H13O9P",14.12,"259.021897","[M-H]",-1,"cpd:C00092","neg",160401,"Mix1"
"New","L-Homocystine","C8H16N2O4S2",12.58,"269.062977","[M+H]",1,"cpd:C01817","pos",170331,"Mix1"
"Amino Acid - collagen","L-Hydroxylysine","C6H14N2O3",16.37,"163.108268","[M+H]",1,"cpd:C16741","pos",160401,"Mix1"
"Organic Acid","Isocitric acid","C6H8O7",15.65,"191.01918","[M-H]",-1,"cpd:C00311","neg",160401,"Mix1"
"Organic Acid","2-Ketoglutaric acid","C5H6O5",10.845,"145.0137","[M-H]",-1,"cpd:C00026","neg",160401,"Mix1"
"New2","5-Oxoproline","C5H7NO3",7.97,"128.034768","[M-H]",-1,"cpd:C01879","neg",180130,"Mix1"
"New2","5-Oxoproline","C5H7NO3",7.97,"130.050419","[M+H]",1,"cpd:C01879","pos",180130,"Mix1"
"Organic Acid","Malic acid","C4H6O5",11.97,"133.0137","[M-H]",-1,"cpd:C00149","neg",160401,"Mix1"
"New2","Maltotetraose","C24H42O21",13.78,"665.21404","[M-H]",-1,"cpd:C02052","neg",NA,NA
"New2","Maltotriose","C18H32O16",13.03,"503.161215","[M-H]",-1,"cpd:C01835","neg",NA,NA
"Amino Acid","L-Methionine","C5H11NO2S",7.96,"150.058876","[M+H]",1,"cpd:C00073","pos",160401,"Mix1"
"Peptidoglycan","Muramic acid","C9H17NO7",11,"252.108329","[M+H]",1,"cpd:C06470","pos",160401,"Mix1"
"Lignin","2,5-Dihydroxybenzoic acid","C7H6O4",4.08,"153.018785","[M-H]",-1,"cpd:C00628","neg",160401,"Mix2"
"Antioxidant","Salicylic acid","C7H6O3",2.2,"137.02387","[M-H]",-1,"cpd:C00805","neg",160401,"Mix1"
"Sulfur","Sulfolactic Acid","C3H6O6S",13.275,"168.980687","[M-H]",-1,"cpd:C11537","neg",160401,"Mix2"
"New3","Dimethylsulfonioacetate","C4H9O2S",8.39,"121.032327","[M]",1,"cpd:C03392","pos",180701,"Mix2"
"New3","Turicine","C7H13NO3",8.48,"160.097369","[M+H]",1,"cpd:C21513","pos",180701,"Mix2"
"New3","Sulfanilic acid","C6H7NO3S",7.23,"172.006841","[M-H]",-1,"cpd:C06335","neg",180701,"Mix2"
"New3","Urocanic acid","C6H6N2O2",8.16,"139.050753","[M+H]",1,"cpd:C00785","pos",180701,"Mix2"
"New3","Urocanic acid","C6H6N2O2",8.16,"137.035103","[M-H]",-1,"cpd:C00785","neg",180701,"Mix2"
"New3","Hydroxyisoleucine","C6H13NO3",8.34,"148.097369","[M+H]",1,"cpd:C20802","pos",180701,"Mix2"
"New3","Hydroxyisoleucine","C6H13NO3",8.34,"146.081719","[M-H]",-1,"cpd:C20802","neg",180701,"Mix2"
"New5","N6,N6,N6-Trimethyl-L-lysine","C9H20N2O2",17.14,"189.160303","[M+H]",1,"cpd:C03793","pos",190514,"Mix2"
"New6","2,3-Pyridinedicarboxylic acid","C7H5NO4",10.17,"168.029684","[M+H]",1,"cpd:C03722","pos",190715,"Mix1"
"New","2-Hydroxy-4-(methylthio)butyric acid","C5H10O3S",2.69,"149.027242","[M-H]",-1,NA,"neg",170331,"Mix1"
"Sulfur","3-Sulfopyruvic acid","C3H4O6S",12.92,"166.965037","[M-H]",-1,"cpd:C05528","neg",160401,"Mix2"
"Co-enzyme A","Acetoacetyl-CoA","C25H40N7O18P3S",10.6,"850.128524","[M-H]",-1,"cpd:C00332","neg",160401,"Mix1"
"Co-enzyme A","Acetyl-CoA","C23H38N7O17P3S",10.84,"808.117959","[M-H]",-1,"cpd:C00024","neg",160401,"Mix1"
"Internal Standard","Acetyl-CoA, 13C2","C21C(13)2H38N7O17P3S",10.84,"810.1252","[M-H]",-1,NA,"neg",160401,NA
"Nucleic Acid","Adenine","C5H5N5",4.72,"136.06232","[M+H]",1,"cpd:C00147","pos",160401,"Mix1"
"Nucleic Acid","Adenine","C5H5N5",4.72,"134.0462","[M-H]",-1,"cpd:C00147","neg",160401,"Mix1"
"Nucleoside","Adenosine","C10H13N5O4",4.46,"268.10458","[M+H]",1,"cpd:C00212","pos",160401,"Mix2"
"Nucleoside","Adenosine","C10H13N5O4",4.46,"266.08948","[M-H]",-1,"cpd:C00212","neg",160401,"Mix2"
"Internal Standard","AMP, 15N5","C10H13N(15)5O7P",11.585,"351.0411","[M-H]",-1,NA,"neg",170301,NA
"Amino Acid synthesis","S-Adenosylhomocysteine","C14H20N6O5S",10.85,"385.129416","[M+H]",1,"cpd:C00021","pos",160401,"Mix1"
"Amino Acid synthesis","S-Adenosylmethionine","C15H22N6O5S",13.01,"399.145066","[M+H]",1,"cpd:C00019","pos",160401,"Mix1"
"Energy charge","Adenosine diphosphate","C10H15N5O10P2",12.09,"426.021596","[M-H]",-1,"cpd:C00008","neg",160401,"Mix2"
"Amino Acid","L-Alanine","C3H7NO2",11.3,"90.055504","[M+H]",1,"cpd:C00041","pos",160401,"Mix1"
"Sulfur","Amino Propanesulfonic Acid","C3H9NO3S",11.49,"138.022491","[M-H]",-1,NA,"neg",160401,"Mix2"
"Amino Acid - degraded","4-Aminobutyric acid","C4H9NO2",11.155,"104.071154","[M+H]",1,"cpd:C00334","pos",160401,"Mix1"
"Energy charge","Adenosine monophosphate","C10H14N5O7P",11.585,"346.055262","[M-H]",-1,"cpd:C00020","neg",160401,"Mix2"
"Amino Acid","L-Arginine","C6H14N4O2",17.93,"175.119501","[M+H]",1,"cpd:C00062","pos",160401,"Mix1"
"New"," L-Arginosuccinic acid","C10H18N4O6",13.69,"291.13046","[M+H]",1,"cpd:C03406","pos",170331,"Mix1"
"Amino Acid","L-Asparagine","C4H8N2O3",11.86,"133.061318","[M+H]",1,"cpd:C00152","pos",160401,"Mix1"
"Amino Acid","L-Aspartic acid","C4H7NO4",12.86,"134.045334","[M+H]",1,"cpd:C00049","pos",160401,"Mix1"
"Energy charge","Adenosine triphosphate","C10H16N5O13P3",15.35,"505.987929","[M-H]",-1,"cpd:C00002","neg",160401,"Mix2"
"Amino Acid derivative","Glycine betaine","C5H11NO2",7.86,"118.086804","[M+H]",1,"cpd:C00719","pos",160401,"Mix1"
"New2","Butyrylcarnitine","C11H21NO4",4.47,"232.154884","[M+H]",1,NA,"pos",180130,"Mix1"
"Intracellular signaling","3',5'-Cyclic AMP","C10H12N5O6P",4.06,"328.044698","[M-H]",-1,"cpd:C00575","neg",160401,"Mix2"
"New","Carnitine","C7H15NO3",10.21,"162.113019","[M+H]",1,"cpd:C00487","pos",170331,"Mix1"
"Intracellular signaling","3',5'-Cyclic GMP","C10H12N5O7P",8.8,"344.039613","[M-H]",-1,"cpd:C00942","neg",160401,"Mix2"
"Amino sugar","Chitobiose","C16H28N2O11",10.21,"425.177138","[M+H]",1,"cpd:C01674","pos",160401,"Mix2"
"Vitamin (B-like)","Choline","C5H14NO",15.265,"104.107539","[M]",1,"cpd:C00114","pos",160401,"Mix1"
"New","Citrulline","C6H13N3O3",12.21,"176.103517","[M+H]",1,"cpd:C00327","pos",170331,"Mix1"
"Organic Acid - nitrogenous","Creatine","C4H9N3O2",11.34,"132.077302","[M+H]",1,"cpd:C00300","pos",160401,"Mix1"
"Co-enzyme A","Crotonoyl-CoA","C25H40N7O17P3S",8.45,"834.133609","[M-H]",-1,"cpd:C00877","neg",160401,"Mix1"
"Intracellular signaling","3',5'-Cyclic diGMP","C20H24N10O14P2",13.74,"689.087051","[M-H]",-1,"cpd:C16463","neg",160401,"Mix2"
"New","L-Cysteinylglycine","C5H10N2O3S",9.53,"179.04904","[M+H]",1,"cpd:C01419","pos",170331,"Mix1"
"New","Cys-Gly, oxidized","C10H18N4O6S2",11.85,"355.074605","[M+H]",1,NA,"pos",170331,"Mix1"
"Amino Acid synthesis","L-Cystathionine","C7H14N2O4S",13.14,"223.075255","[M+H]",1,"cpd:C02291","pos",160401,"Mix2"
"Sulfur","L-Cysteic acid","C3H7NO5S",12.15,"167.996671","[M-H]",-1,"cpd:C00506","neg",160401,"Mix2"
"Amino Acid","L-Cysteine","C3H7NO2S",7,"122.027576","[M+H]",1,"cpd:C00097","pos",NA,NA
"Amino Acid","L-Cystine","C6H12N2O4S2",13.1,"241.031677","[M+H]",1,"cpd:C00491","pos",160401,"Mix1"
"Nucleoside","Cytidine","C9H13N3O5",8.55,"242.077697","[M-H]",-1,"cpd:C00475","neg",160401,"Mix2"
"Nucleoside","Cytidine","C9H13N3O5",8.55,"244.093347","[M+H]",1,"cpd:C00475","pos",160401,"Mix2"
"Nucleic Acid","Cytosine","C4H5N3O",7.41,"110.035437","[M-H]",-1,"cpd:C00380","neg",160401,"Mix2"
"Nucleic Acid","Cytosine","C4H5N3O",7.41,"112.051087","[M+H]",1,"cpd:C00380","pos",160401,"Mix2"
"Calvin cycle intermediate","Dihydroxyacetone phosphate","C3H7O6P",12.86,"168.990203","[M-H]",-1,"cpd:C00111","neg",160401,"Mix2"
"Amino Acid derivative","Dimethylglycine","C4H9NO2",8.97,"104.071154","[M+H]",1,"cpd:C01026","pos",160401,"Mix1"
"Internal Standard","DL-Alanine, 2H3","C3H4D3NO2",11.3,"93.0738","[M+H]",1,NA,"pos",160401,NA
"Internal Standard","DL-Histidine, 15N","C6H9N3N(15)O2",11.45,"157.0738","[M+H]",1,NA,"pos",160401,NA
"Internal Standard","DL-Proline, 2H7","C5H3D7NO2",9.49,"123.1145","[M+H]",1,NA,"pos",170301,NA
"Internal Standard","DL-Valine, 2H8","C5H4D8NO2",9.09,"126.1365","[M+H]",1,NA,"pos",170301,NA
"Sulfur","Dimethylsulfoniopropionate","C5H10O2S",9.325,"135.047977","[M+H]",1,"cpd:C04022","pos",160401,"Mix2"
"Osmolyte","Ectoine","C6H10N2O2",9.25,"141.066403","[M-H]",-1,"cpd:C06231","neg",160401,"Mix2"
"Osmolyte","Ectoine","C6H10N2O2",9.25,"143.082053","[M+H]",1,"cpd:C06231","pos",160401,"Mix2"
"Osmolyte","5-Hydroxyectoine","C6H10N2O3",11.07,"159.076968","[M+H]",1,"cpd:C16432","pos",160401,"Mix2"
"Sulfur","Ethanesulfonic acid","C2H6O3S",4.29,"108.995942","[M-H]",-1,NA,"neg",160401,"Mix2"
"Lignin","Ethyl aminobenzoate","C9H11NO2",2.01,"166.086804","[M+H]",1,"cpd:C07527","pos",NA,NA
"Lignin","Ethyl dihydroxybenzoate","C9H10O4",2.08,"181.050085","[M-H]",-1,NA,"neg",160401,"Mix2"
"Redox","Flavin adenine dinucleotide","C27H33N9O15P2",7.585,"784.149317","[M-H]",-1,"cpd:C00016","neg",160401,"Mix2"
"Sugar phosphate","D-Fructose 6-phosphate","C6H13O9P",13.51,"259.021897","[M-H]",-1,"cpd:C00085","neg",160401,"Mix1"
"Organic Acid","Fumaric acid","C4H4O4",12.7,"115.003135","[M-H]",-1,"cpd:C00122","neg",160401,"Mix1"
"New2","Glucosamine","C6H13NO5",9.97,"180.087199","[M+H]",1,NA,"pos",180130,"Mix1"
"Sugar phosphate","D-Glucose 1-phosphate","C6H13O9P",13.45,"259.021897","[M-H]",-1,"cpd:C00103","neg",160401,"Mix2"
"Osmolyte","2-O-alpha-D-Glucosylglycerol","C9H18O8",10.1,"255.107995","[M+H]",1,"cpd:C11546","pos",160401,"Mix2"
"Amino Acid","L-Glutamic acid","C5H9NO4",12.41,"148.060984","[M+H]",1,"cpd:C00025","pos",160401,"Mix1"
"Amino Acid","L-Glutamine","C5H10N2O3",11.7,"147.076968","[M+H]",1,"cpd:C00064","pos",160401,"Mix1"
"Antioxidant","Glutathione","C10H17N3O6S",12,"308.091634","[M+H]",1,"cpd:C00051","pos",160401,"Mix1"
"Sulfur","Glutathione disulfide","C20H32N6O12S2",14.98,"613.159793","[M+H]",1,"cpd:C00127","pos",160401,"Mix2"
"Redox","Glycerophosphoric acid","C3H9O6P",13.065,"171.005853","[M-H]",-1,"cpd:C00093","neg",160401,"Mix2"
"Amino Acid","Glycine","C2H5NO2",11.51,"76.039854","[M+H]",1,"cpd:C00037","pos",160401,"Mix1"
"Energy charge","Guanosine monophosphate","C10H14N5O8P",13.85,"362.050178","[M-H]",-1,"cpd:C00144","neg",160401,"Mix2"
"Energy charge","Guanosine triphosphate","C10H16N5O14P3",16.58,"521.982844","[M-H]",-1,"cpd:C00044","neg",160401,"Mix2"
"Nucleic Acid","Guanine","C5H5N5O",8.61,"150.041585","[M-H]",-1,"cpd:C00242","neg",160401,"Mix2"
"Nucleic Acid","Guanine","C5H5N5O",8.61,"152.057235","[M+H]",1,"cpd:C00242","pos",160401,"Mix2"
"Nucleoside","Guanosine","C10H13N5O5",9.06,"284.099495","[M+H]",1,"cpd:C00387","pos",160401,"Mix2"
"Nucleoside","Guanosine","C10H13N5O5",9.06,"282.083845","[M-H]",-1,"cpd:C00387","neg",160401,"Mix2"
"Internal Standard","GMP, 15N5","C10H13N(15)5O8P",13.85,"367.0364","[M-H]",-1,NA,"neg",170301,NA
"Amino Acid","L-Histidine","C6H9N3O2",11.45,"156.077302","[M+H]",1,"cpd:C00135","pos",160401,"Mix1"
"Osmolyte","Homarine","C7H7NO2",6.19,"138.055503","[M+H]",1,NA,"pos",160401,"Mix2"
"New","Homocysteine thiolactone","C4H7NOS",2.78,"118.032661","[M+H]",1,NA,"pos",170331,"Mix1"
"New","L-Homoserine","C4H9NO3",11.32,"120.066069","[M+H]",1,"cpd:C00263","pos",170331,"Mix1"
"Co-enzyme A","(S)-3-Hydroxybutyryl-CoA","C25H42N7O18P3S",11.545,"852.144174","[M-H]",-1,"cpd:C01144","neg",160401,"Mix1"
"Sulfur","Hypotaurine","C2H7NO2S",11.36,"110.027576","[M+H]",1,"cpd:C00519","pos",160401,"Mix2"
"Phytohormone","Indole-3-carbinol","C9H9NO",2.395,"146.060589","[M-H]",-1,NA,"neg",160401,"Mix2"
"Phytohormone","Indolepyruvic acid","C11H9NO3",2.375,"202.050419","[M-H]",-1,"cpd:C00331","neg",160401,"Mix2"
"Sulfur","Isethionic acid","C2H6O4S",7.2,"124.990857","[M-H]",-1,"cpd:C05123","neg",160401,"Mix2"
"Internal Standard","Isethionic acid, 13C2","C(13)2H6O4S",7.2,"126.9981","[M-H]",-1,NA,"neg",160401,NA
"Amino Acid","L-Isoleucine","C6H13NO2",8.17,"132.102454","[M+H]",1,"cpd:C00407","pos",160401,"Mix1"
"New","2-keto-4-methylthiobutyric acid","C5H7O3S",2.59,"147.011592","[M]",-1,NA,"neg",170331,"Mix1"
"Amino Acid","L-Kynurenine","C10H12N2O3",4.345,"209.092618","[M+H]",1,"cpd:C00328","pos",160401,NA
"Internal Standard","L-Cysteic acid, 2H3","C3D3H4NO5S",12.15,"171.0161","[M-H]",-1,NA,"neg",160401,NA
"Amino Acid","L-Leucine","C6H13NO2",7.63,"132.102454","[M+H]",1,"cpd:C00123","pos",160401,"Mix1"
"Amino Acid synthesis","L-Homocysteine","C4H9NO2S",8.7,"136.043226","[M+H]",1,"cpd:C00155","pos",160401,"Mix2"
"Organic Acid","Lipoic acid","C8H14O2S2",2.42,"205.035699","[M-H]",-1,"cpd:C00725","neg",160401,"Mix1"
"Internal Standard","L-Isoleucine, 15N","C6H13N(15)O2",8.17,"133.0989","[M+H]",1,NA,"pos",160401,NA
"Internal Standard","L-Methionine, 2H3","C5D3H8NO2S",7.96,"153.0771","[M+H]",1,NA,"pos",160401,NA
"Amino Acid","L-Lysine","C6H14N2O2",17.5,"147.113353","[M+H]",1,"cpd:C00047","pos",160401,"Mix1"
"Co-enzyme A","Malonyl-CoA","C24H38N7O19P3S",13.525,"852.107789","[M-H]",-1,"cpd:C00083","neg",160401,"Mix1"
"Sulfur","Sodium 2-mercaptoethanesulfonate","C2H5O3S2",2.67,"140.968013","[M]",-1,NA,"neg",160401,"Mix2"
"New","L-Methionine S-oxide","C5H11NO3S",9.73,"166.053791","[M+H]",1,"cpd:C02989","pos",170331,"Mix1"
"Co-enzyme A","D-Methylmalonyl-CoA","C25H40N7O19P3S",13.18,"866.123439","[M-H]",-1,"cpd:C00683","neg",160401,"Mix1"
"Organic Acid","Methylphosphonic acid","CH5O3P",11,"94.989808","[M-H]",-1,NA,"neg",160401,"Mix1"
"New","N6-Acetyl-L-lysine","C8H16N2O3",9.71,"189.123918","[M+H]",1,"cpd:C02727","pos",170331,"Mix1"
"New","O-Acetyl-L-serine","C5H9NO4",6.27,"148.060984","[M+H]",1,"cpd:C00979","pos",170331,"Mix1"
"Sulfur","N-Acetyltaurine","C4H9NO4S",3.74,"166.017406","[M-H]",-1,NA,"neg",160401,"Mix2"
"Redox","NAD","C21H27N7O14P2",10.6,"662.101304","[M-H]",-1,"cpd:C00003","neg",160401,"Mix2"
"Redox","NADH","C21H27N7O14P2",11.26,"664.116954","[M+H]",-1,"cpd:C00004","neg",160401,"Mix2"
"Redox","NADP","C21H29N7O17P3",12.74,"742.067637","[M-2H]",-1,"cpd:C00006","neg",160401,"Mix2"
"Redox","NADPH","C21H29N7O17P3",13.345,"744.083287","[M]",-1,"cpd:C00005","neg",160401,"Mix2"
"Sulfur","N-Methyltaurine","C3H9NO3S",6.06,"140.038141","[M+H]",1,NA,"pos",160401,"Mix2"
"New2","Ophthalmic acid","C11H19N3O6",10.73,"290.135212","[M+H]",1,NA,"pos",180130,"Mix1"
"New","L-Ornithine","C5H12N2O2",16.79,"133.097703","[M+H]",1,"cpd:C00077","pos",170331,"Mix1"
"Organic Acid","Orotic acid","C5H4N2O4",4.195,"155.009283","[M-H]",-1,"cpd:C00295","neg",160401,"Mix1"
"Organic Acid","Oxalic acid","C2H2O4",13.235,"88.987485","[M-H]",-1,"cpd:C00209","neg",160401,"Mix1"
"Organic Acid","Phosphoenolpyruvic acid","C3H5O6P",13.865,"166.974553","[M-H]",-1,"cpd:C00074","neg",160401,"Mix1"
"Sugar phosphate","3-Phosphoglycerate","C3H7O7P",14.755,"184.985118","[M-H]",-1,"cpd:C00197","neg",180130,"Mix1"
"Quorum sensing","2-Heptyl-3-hydroxy-quinolone","C16H21NO2",2.16,"260.165054","[M+H]",1,"cpd:C11848","pos",160401,"Mix1"
"Amino Acid","L-Proline","C5H9NO2",9.49,"116.071154","[M+H]",1,"cpd:C00148","pos",160401,"Mix1"
"Sulfur","1-Propanesulfonate","C3H7O3S",2.81,"123.011592","[M]",-1,NA,"neg",160401,"Mix2"
"Co-enzyme A","Propionyl-CoA","C24H40N7O17P3S",8.83,"822.133609","[M-H]",-1,"cpd:C00100","neg",160401,"Mix1"
"New2","O-Propionylcarnitine","C10H19NO4",5.63,"218.139234","[M+H]",1,"cpd:C03017","pos",180130,"Mix1"
"Redox","Riboflavin-5-phosphate","C17H21N4O9P",8.6,"455.096794","[M-H]",-1,"cpd:C00061","neg",160401,"Mix2"
"Redox","Riboflavin-5-phosphate","C17H21N4O9P",8.6,"457.112444","[M+H]",1,"cpd:C00061","pos",160401,"Mix2"
"Sugar phosphate","D-Ribose 5-phosphate","C5H11O8P",13.29,"229.011333","[M-H]",-1,"cpd:C00117","neg",160401,"Mix2"
"Glycine metabolite","Sarcosine","C3H7NO2",10.6,"90.055504","[M+H]",1,"cpd:C00213","pos",160401,"Mix2"
"Amino Acid","L-Serine","C3H7NO3",11.86,"106.050419","[M+H]",1,"cpd:C00065","pos",160401,"Mix1"
"New2","S-Farnesyl-L-cysteine methyl ester","C19H33NO2S",1.58,"340.231026","[M+H]",1,NA,"pos",180130,NA
"Amino Acid synthesis","Shikimic acid","C7H10O5",10.97,"173.045","[M-H]",-1,"cpd:C00493","neg",160401,"Mix1"
"New","Proline betaine","C7H13NO2",7.18,"144.102454","[M+H]",1,"cpd:C10172","pos",170331,"Mix1"
"Organic Acid","Succinic acid","C4H6O4",11.9,"117.018785","[M-H]",-1,"cpd:C00042","neg",160401,"Mix1"
"Internal Standard","Succinic acid, 2H4","C4D4H2O4",11.9,"121.0444","[M-H]",-1,NA,"neg",160401,NA
"Co-enzyme A","Succinyl-CoA","C25H40N7O19P3S",12.965,"866.123439","[M-H]",-1,"cpd:C00091","neg",160401,"Mix1"
"New","Sucrose","C12H22O11",11.93,"341.10839","[M-H]",-1,"cpd:C00089","neg",170331,"Mix1"
"Internal Standard","Sucrose, 13C","C(13)12H22O11",11.77,"353.1497","[M-H]",-1,NA,"neg",170601,NA
"Sulfur","Sulfoacetic acid","C2H4O5S",13.9,"138.970122","[M-H]",-1,"cpd:C14179","neg",160401,"Mix2"
"Internal Standard","Sulfoacetic acid, 13C2","C(13)2H4O5S",13.9,"140.9774","[M-H]",-1,NA,"neg",160401,NA
"Internal Standard","3-Sulfolactate, 13C3","C(13)2H5O4S",13.27,"171.9913","[M-H]",-1,NA,"neg",160401,NA
"Sulfur","Taurine","C2H7NO3S",11.13,"124.006841","[M-H]",-1,"cpd:C00245","neg",160401,"Mix2"
"Sulfur","Taurine","C2H7NO3S",11.12,"126.022491","[M+H]",1,"cpd:C00245","pos",160401,"Mix2"
"Internal Standard","Taurine, 2H4","C2D4H3NO3S",10,"128.0325","[M-H]",-1,NA,"neg",160401,NA
"Vitamin (B1-derivative)","Thiamine monophosphate","C12H18N4O4PS",11.5,"345.078641","[M]",1,"cpd:C01081","pos",160401,"Mix1"
"Vitamin (B1-derivative)","Thiamine diphosphate","C12H19N4O7P2S",13.765,"425.044974","[M]",1,"cpd:C00068","pos",160401,"Mix1"
"Amino Acid","L-Threonine","C4H9NO3",10.92,"120.066069","[M+H]",1,"cpd:C00188","pos",160401,"Mix1"
"Nucleoside","Thymidine","C10H14N2O5",3.27,"241.082448","[M-H]",-1,"cpd:C00214","neg",160401,"Mix1"
"Nucleic Acid","Thymine","C5H6N2O2",3.02,"127.050753","[M+H]",1,"cpd:C00178","pos",160401,"Mix2"
"Nucleic Acid","Thymine","C5H6N2O2",3.02,"125.035103","[M-H]",-1,"cpd:C00178","neg",160401,"Mix2"
"Amino Acid - collagen","Hydroxyproline","C5H9NO3",10.07,"132.066069","[M+H]",1,"cpd:C01157","pos",160401,"Mix1"
"Antioxidant","Trehalose","C12H22O11",13,"341.10839","[M-H]",-1,"cpd:C01083","neg",160401,"Mix2"
"Internal Standard","Trehalose, 13C","C(13)12H22O11",12.63,"353.1497","[M-H]",-1,NA,"neg",170601,NA
"New","Trigonelline","C7H7NO2",8.36,"138.055503","[M+H]",1,"cpd:C01004","pos",170331,"Mix1"
"New2","Trimethylamine","C3H9N",5.96,"60.081324","[M+H]",1,"cpd:C00565","pos",180130,"Mix1"
"New2","Trimethylamine N-oxide","C3H9NO",6.59,"76.076239","[M+H]",1,"cpd:C01104","pos",180130,"Mix1"
"Amino Acid","L-Tyrosine","C9H11NO3",9.76,"182.081719","[M+H]",1,"cpd:C00082","pos",160401,"Mix1"
"Nucleotide sugar","UDP-N-acetylglucosamine","C17H27N3O17P2",12.75,"606.073753","[M-H]",-1,"cpd:C00043","neg",160401,"Mix2"
"Nucleotide sugar","UDP-glucose","C15H24N2O17P2",13.59,"565.047204","[M-H]",-1,"cpd:C00029","neg",160401,"Mix2"
"Nucleic Acid","Uracil","C4H4N2O2",4,"111.019453","[M-H]",-1,"cpd:C00106","neg",160401,"Mix2"
"Nucleoside","Uridine","C9H12N2O6",6.02,"243.061713","[M-H]",-1,"cpd:C00299","neg",160401,"Mix2"
"Amino Acid","L-Valine","C5H11NO2",9.09,"118.086804","[M+H]",1,"cpd:C00183","pos",160401,"Mix1"
"Vitamin","Nicotinic acid","C6H5NO2",2.68,"124.039854","[M+H]",1,"cpd:C00253","pos",160401,"Mix2"
"New3","Gonyol","C7H14O3S",10.74,"179.074191","[M+H]",1,NA,"pos",180701,"Mix2"
"New3","Betonicine","C7H13NO3",8.45,"160.097369","[M+H]",1,"cpd:C08269","pos",180701,"Mix2"
"New3","O-Methylmalonyl-L-carnitine","C11H19NO6",9.67,"262.129063","[M+H]",1,NA,"pos",180701,"Mix2"
"New3","Succinic semialdehyde","C4H6O3",6.51,"101.02387","[M-H]",-1,"cpd:C00232","neg",180701,"Mix2"
"New3","Arsenobetaine","C5H11AsO2",7.06,"179.005326","[M+H]",1,"cpd:C19331","pos",180701,"Mix2"
"New3","Dexpanthenol","C9H19NO4",2.27,"206.139234","[M+H]",1,"cpd:C05944","pos",180701,"Mix2"
"New3","Inosine","C10H12N4O5",7.57,"269.088596","[M+H]",1,"cpd:C00294","pos",180701,"Mix2"
"New3","Inosine","C10H12N4O5",7.57,"267.072946","[M-H]",-1,"cpd:C00294","neg",180701,"Mix2"
"New3","Hordenine","C10H15NO",3.34,"166.123189","[M+H]",1,"cpd:C06199","pos",180701,"Mix2"
"New3","Allopurinol","C5H4N4O",4.16,"137.046336","[M+H]",1,NA,"pos",180701,"Mix2"
"New3","Allopurinol","C5H4N4O",4.16,"135.030686","[M-H]",-1,NA,"neg",180701,"Mix2"
"New3","Deoxyadenosine","C10H13N5O3",3.44,"252.109665","[M+H]",1,"cpd:C00559","pos",180701,"Mix2"
"New3","beta-Alanine","C3H7NO2",11.39,"90.055504","[M+H]",1,"cpd:C00099","pos",180701,"Mix2"
"New3","Melamine","C3H6N6",6.68,"127.073219","[M+H]",1,"cpd:C08737","pos",180701,"Mix2"
"New3","Maltose","C12H22O11",12.31,"341.10839","[M-H]",-1,"cpd:C00208","neg",180701,"Mix2"
"New3","Lactose","C12H22O11",12.53,"341.10839","[M-H]",-1,"cpd:C00243","neg",180701,"Mix2"
"New3","Lactose","C12H22O11",12.53,"343.12404","[M+H]",1,"cpd:C00243","pos",180701,"Mix2"
"New4","Acetylcholine","C7H16NO2",13.37,"146.118104","[M]",1,"cpd:C01996","pos",190514,"Mix2"
"New4","L-Cysteinesulfinic acid","C3H7NO4S",10.74,"154.017406","[M+H]",1,"cpd:C00606","pos",190514,"Mix2"
"New4","L-Cysteinesulfinic acid","C3H7NO4S",10.74,"152.001756","[M-H]",-1,"cpd:C00606","neg",190514,"Mix2"
"New4","beta-Alaninebetaine","C6H13NO2",9.38,"132.1018","[M+H]",1,"cpd:C08263","pos",190514,"Mix2"
"New5","5-Methylcytosine","C5H7N3O",5.53,"126.066737","[M+H]",1,"cpd:C02376","pos",190514,"Mix2"
"New5","N6-Methyladenine","C6H7N5",3.97,"150.07797","[M+H]",1,"cpd:C08434","pos",190514,"Mix2"
"New5","Carnosine","C9H14N4O3",10.47,"227.114416","[M+H]",1,"cpd:C00386","pos",190514,"Mix2"
"New5","Carnosine","C9H14N4O3",10.47,"225.098766","[M-H]",-1,"cpd:C00386","neg",190514,"Mix2"
"New5","N-Acetyl-D-glucosamine","C8H15NO6",8.55,"222.097764","[M+H]",1,"cpd:C00140","pos",190514,"Mix2"
"New5","beta-Glutamic acid","C5H9NO4",11.9,"148.060984","[M+H]",1,NA,"pos",190514,"Mix2"
"New5","Anserine","C10H16N4O3",8.55,"241.130066","[M+H]",1,"cpd:C01262","pos",190514,"Mix2"
"New5","Anserine","C10H16N4O3",8.55,"239.114416","[M-H]",-1,"cpd:C01262","neg",190514,"Mix2"
"New5","N-Acetylmuramic acid","C11H19NO8",3.35,"294.118894","[M+H]",1,"cpd:C02713","pos",190514,"Mix2"
"New5","N-Acetylmuramic acid","C11H19NO8",3.35,"292.103244","[M-H]",-1,"cpd:C02713","neg",190514,"Mix2"
"New5","Hypoxanthine","C5H4N4O",5.51,"137.046336","[M+H]",1,"cpd:C00262","pos",190514,"Mix2"
"New5","Hypoxanthine","C5H4N4O",5.51,"135.030686","[M-H]",-1,"cpd:C00262","neg",190514,"Mix2"
"Internal Standard","Glycine betaine, 13C5, 15N","C(13)5H11N(15)O2",7.27,"124.1006","[M+H]",1,NA,"pos",190514,NA
"Internal Standard","Adenine, 15N2","C5H5N(15)2N3",4.64,"138.0564","[M+H]",1,NA,"pos",190514,NA
"Internal Standard","Cytosine, 13C2, 15N3","C(13)2C2H5N(15)3O",6.82,"117.0489","[M+H]",1,NA,"pos",190514,NA
"Internal Standard","Guanine, 13C, 15N2","C(13)C4H5N(15)2N3O",8.18,"155.0547","[M+H]",1,NA,"pos",190514,NA
"Internal Standard","Thymine, 2H4","C5D4H2N2O2",3.06,"129.0602","[M-H]",-1,NA,"neg",190514,NA
"Internal Standard","Uracil, 15N2, 2H2","C4D2H2N(15)2O2",3.73,"115.0261","[M-H]",-1,NA,"neg",190514,NA
"New6","Threonic acid","C4H8O5",10.37,"135.02935","[M-H]",-1,NA,"neg",190715,"Mix1"
"New6","Propionylglycine","C5H9NO3",5.52,"130.050419","[M-H]",-1,NA,"neg",190715,"Mix1"
"New6","Succinylglycine","C6H9NO5",12.58,"176.055899","[M+H]",1,NA,"pos",190715,"Mix1"
"New6","Acetylglycine","C4H7NO3",7.81,"116.034769","[M-H]",-1,NA,"neg",190715,"Mix1"
"New6","Butyrylglycine","C6H11NO3",2.92,"144.066069","[M-H]",-1,NA,"neg",190715,"Mix1"
"New6","Ergothioneine","C9H15N3O2S",11.29,"230.096324","[M+H]",1,"cpd:C05570","pos",190715,"Mix1"
"New6","Glutamylphenylalanine","C14H18N2O5",9.55,"295.129398","[M+H]",1,NA,"neg",190715,"Mix1"
"New6","Glutamylphenylalanine","C14H18N2O5",9.55,"293.113748","[M-H]",-1,NA,"pos",190715,"Mix1"
"New6","N-Acetyl-L-glutamic acid","C7H11NO5",11.84,"188.055899Â ","[M-H]",-1,"cpd:C00624","neg",190715,"Mix1"
"New6","N-Acetyl-L-glutamic acid","C7H11NO5",11.84,"190.071549","[M+H]",1,"cpd:C00624","pos",190715,"Mix1"
"New6","(3-Carboxypropyl)trimethylammonium","C7H16NO2",9.91,"146.118104","[M]",1,NA,"pos",190715,"Mix1"
"Internal Standard","Arsenobetaine, 13C2","C(13)2C3H12AsO2",7.24,"181.0114","[M+H]",1,NA,"pos",190715,NA
